{
  "com.liferay.oauth2.provider.configuration.OAuth2ProviderApplicationHeadlessServerConfiguration~liferay-ticket-batch-oauth-application-headless-server" : {
    ".serviceAddress" : "localhost:8080",
    ".serviceScheme" : "http",
    ":configurator:policy" : "force",
    "baseURL" : "${portalURL}/o/liferay-ticket-batch",
    "buildTimestamp" : 1734471087242,
    "description" : "",
    "dxp.lxc.liferay.com.virtualInstanceId" : "default",
    "homePageURL" : "$[conf:.serviceScheme]://$[conf:.serviceAddress]",
    "name" : "Liferay Ticket Batch OAuth Application Headless Server",
    "projectId" : "liferayticketbatch",
    "projectName" : "liferay-ticket-batch",
    "properties" : [ ],
    "scopes" : [ "C_Ticket.everything", "Liferay.Headless.Admin.List.Type.everything", "Liferay.Headless.Batch.Engine.everything", "Liferay.Object.Admin.REST.everything" ],
    "sourceCodeURL" : "",
    "type" : "oAuthApplicationHeadlessServer",
    "typeSettings" : [ ".serviceScheme=http", "scopes=C_Ticket.everything\nLiferay.Headless.Admin.List.Type.everything\nLiferay.Headless.Batch.Engine.everything\nLiferay.Object.Admin.REST.everything", ".serviceAddress=localhost:8080" ],
    "webContextPath" : "/liferay-ticket-batch"
  }
}