{"definition":{"fragmentStyle":{"backgroundFragmentImage":{"title":{"value":"home-promotion"},"url":{"value":"/documents/d/asset-library-32687/home-promotion"}},"overflow":"visible","paddingBottom":"8","paddingTop":"8"},"gutters":true,"indexed":true,"modulesPerRow":2,"name":"Submitted Application Grid","numberOfColumns":2,"reverseOrder":false,"rowViewports":[{"id":"landscapeMobile","rowViewportDefinition":{"modulesPerRow":1}},{"id":"portraitMobile","rowViewportDefinition":{}},{"id":"tablet","rowViewportDefinition":{}}],"verticalAlignment":"middle"},"id":"f5932529-1388-1778-b4de-e0a9d09dee94","pageElements":[{"definition":{"columnViewports":[{"columnViewportDefinition":{"size":12},"id":"landscapeMobile"},{"columnViewportDefinition":{},"id":"portraitMobile"},{"columnViewportDefinition":{},"id":"tablet"}],"size":6},"id":"be4e408c-0a9b-021c-826f-7053a1cc43e9","type":"Column"},{"definition":{"columnViewports":[{"columnViewportDefinition":{"size":12},"id":"landscapeMobile"},{"columnViewportDefinition":{},"id":"portraitMobile"},{"columnViewportDefinition":{},"id":"tablet"}],"size":6},"id":"a477e4d2-561c-71ba-5b7d-37b8eb7fbfb4","pageElements":[{"definition":{"fragmentStyle":{"maxWidth":"400px"},"indexed":true,"layout":{"align":"Start","contentDisplay":"FlexColumn","justify":"Center"},"name":"Submitted Application Content Container"},"id":"647558e5-255c-6ce8-8dc9-8c758d011820","pageElements":[{"definition":{"fragment":{"key":"BASIC_COMPONENT-heading"},"fragmentConfig":{"headingLevel":"h2"},"fragmentFields":[{"id":"element-text","value":{"fragmentLink":{},"text":{"value_i18n":{"en_US":"Thank you for applying!"}}}}],"fragmentStyle":{"paddingBottom":"6","paddingLeft":"2"},"indexed":true,"name":"Submitted Application Heading"},"id":"bccd3415-081e-5fae-7599-fd5a4f13e305","type":"Fragment"},{"definition":{"collectionConfig":{"collectionReference":{"className":"com.liferay.object.web.internal.info.collection.provider.ObjectEntrySingleFormVariationInfoCollectionProvider_16796623585306_C_DistributorApplication"},"collectionType":"CollectionProvider"},"collectionViewports":[{"collectionViewportDefinition":{"numberOfColumns":1},"id":"landscapeMobile"},{"collectionViewportDefinition":{"numberOfColumns":1},"id":"portraitMobile"},{"collectionViewportDefinition":{"numberOfColumns":1},"id":"tablet"}],"displayAllItems":false,"displayAllPages":true,"emptyCollectionConfig":{"displayMessage":false},"listItemStyle":"","listStyle":"","name":"Application Details Collection Display","numberOfColumns":1,"numberOfItems":1,"numberOfItemsPerPage":20,"numberOfPages":5,"paginationType":"None","showAllItems":false,"templateKey":""},"id":"c4136833-6e78-3445-cf7b-57b93337bd32","pageElements":[{"definition":{"collectionItemConfig":{}},"id":"b8526f5b-e23a-8e97-e4aa-08816f9dce0a","pageElements":[{"definition":{"gutters":false,"indexed":true,"modulesPerRow":2,"name":"Application Details Grid","numberOfColumns":6,"reverseOrder":false,"rowViewports":[{"id":"landscapeMobile","rowViewportDefinition":{"modulesPerRow":1}},{"id":"portraitMobile","rowViewportDefinition":{}},{"id":"tablet","rowViewportDefinition":{}}],"verticalAlignment":"middle"},"id":"d3c7d2a0-d807-4132-7ef9-ddaf2e3246d8","pageElements":[{"definition":{"columnViewports":[{"columnViewportDefinition":{"size":12},"id":"landscapeMobile"},{"columnViewportDefinition":{},"id":"portraitMobile"},{"columnViewportDefinition":{},"id":"tablet"}],"size":6},"id":"a70efd0f-8007-dd2d-75f2-68c9285509dd","pageElements":[{"definition":{"fragment":{"key":"BASIC_COMPONENT-paragraph"},"fragmentConfig":{},"fragmentFields":[{"id":"element-text","value":{"fragmentLink":{},"text":{"value_i18n":{"en_US":"Application ID:"}}}}],"fragmentStyle":{"fontSize":"1.125rem","fontWeight":"fontWeightBold","paddingBottom":"2","paddingRight":"3","textAlign":"right"},"indexed":true,"name":"Application ID"},"id":"db343431-ece4-7b0d-fd55-573f8955ac04","type":"Fragment"}],"type":"Column"},{"definition":{"columnViewports":[{"columnViewportDefinition":{"size":12},"id":"landscapeMobile"},{"columnViewportDefinition":{},"id":"portraitMobile"},{"columnViewportDefinition":{},"id":"tablet"}],"size":6},"id":"221694aa-583f-575b-9b3f-763d13229a90","pageElements":[{"definition":{"fragment":{"key":"BASIC_COMPONENT-paragraph"},"fragmentConfig":{},"fragmentFields":[{"id":"element-text","value":{"fragmentLink":{},"text":{"mapping":{"fieldKey":"ObjectEntry_objectEntryId","itemReference":{"contextSource":"CollectionItem"}}}}}],"fragmentStyle":{"fontSize":"1.125rem","fontWeight":"fontWeightLight","paddingBottom":"2"},"indexed":true,"name":"Mapped Application ID"},"id":"515c1c72-8423-a47d-ef07-23bac8de824a","type":"Fragment"}],"type":"Column"},{"definition":{"columnViewports":[{"columnViewportDefinition":{"size":12},"id":"landscapeMobile"},{"columnViewportDefinition":{},"id":"portraitMobile"},{"columnViewportDefinition":{},"id":"tablet"}],"size":6},"id":"1bfe2853-b848-da9e-6987-60e608d4498f","pageElements":[{"definition":{"fragment":{"key":"BASIC_COMPONENT-paragraph"},"fragmentConfig":{},"fragmentFields":[{"id":"element-text","value":{"fragmentLink":{},"text":{"value_i18n":{"en_US":"Applicant Name:"}}}}],"fragmentStyle":{"fontSize":"1.125rem","fontWeight":"fontWeightBold","paddingBottom":"2","paddingRight":"3","textAlign":"right"},"indexed":true,"name":"Applicant Name"},"id":"fa812fa1-fcaf-537d-f570-cc8f2c7342df","type":"Fragment"}],"type":"Column"},{"definition":{"columnViewports":[{"columnViewportDefinition":{"size":12},"id":"landscapeMobile"},{"columnViewportDefinition":{},"id":"portraitMobile"},{"columnViewportDefinition":{},"id":"tablet"}],"size":6},"id":"c8e0c46a-65c7-24c5-6ce8-5f81c1390e06","pageElements":[{"definition":{"fragment":{"key":"BASIC_COMPONENT-paragraph"},"fragmentConfig":{},"fragmentFields":[{"id":"element-text","value":{"fragmentLink":{},"text":{"mapping":{"fieldKey":"ObjectField_applicantName","itemReference":{"contextSource":"CollectionItem"}}}}}],"fragmentStyle":{"fontSize":"1.125rem","fontWeight":"fontWeightLight","paddingBottom":"2"},"indexed":true,"name":"Mapped Applicant Name"},"id":"4844b58e-e834-189d-bde8-ae0336204359","type":"Fragment"}],"type":"Column"},{"definition":{"columnViewports":[{"columnViewportDefinition":{"size":12},"id":"landscapeMobile"},{"columnViewportDefinition":{},"id":"portraitMobile"},{"columnViewportDefinition":{},"id":"tablet"}],"size":6},"id":"3b4d06ab-355c-bdd9-f6c9-7b745e76a831","pageElements":[{"definition":{"fragment":{"key":"BASIC_COMPONENT-paragraph"},"fragmentConfig":{},"fragmentFields":[{"id":"element-text","value":{"fragmentLink":{},"text":{"value_i18n":{"en_US":"Business Name:"}}}}],"fragmentStyle":{"fontSize":"1.125rem","fontWeight":"fontWeightBold","paddingRight":"3","textAlign":"right"},"indexed":true,"name":"Business Name"},"id":"fa8e44a6-c64f-3b7e-1a43-3a0f9659484e","type":"Fragment"}],"type":"Column"},{"definition":{"columnViewports":[{"columnViewportDefinition":{"size":12},"id":"landscapeMobile"},{"columnViewportDefinition":{},"id":"portraitMobile"},{"columnViewportDefinition":{},"id":"tablet"}],"size":6},"id":"c67906c5-6b5f-e8b1-a6ab-c8ce6022243f","pageElements":[{"definition":{"fragment":{"key":"BASIC_COMPONENT-paragraph"},"fragmentConfig":{},"fragmentFields":[{"id":"element-text","value":{"fragmentLink":{},"text":{"value_i18n":{"en_US":"Placeholder"}}}}],"fragmentStyle":{"fontSize":"1.125rem","fontWeight":"fontWeightLight"},"indexed":true,"name":"Mapped Business Name"},"id":"60b6962f-36f9-06c6-425c-eab0ad978210","type":"Fragment"}],"type":"Column"}],"type":"Row"}],"type":"CollectionItem"}],"type":"Collection"},{"definition":{"fragment":{"key":"BASIC_COMPONENT-paragraph"},"fragmentConfig":{},"fragmentFields":[{"id":"element-text","value":{"fragmentLink":{},"text":{"value_i18n":{"en_US":"<p data-pm-slice=\"1 1 [&quot;orderedList&quot;,{&quot;order&quot;:1},&quot;listItem&quot;,null,&quot;orderedList&quot;,null,&quot;listItem&quot;,null]\" data-prosemirror-content-type=\"node\" data-prosemirror-node-block=\"true\" data-prosemirror-node-name=\"paragraph\">We have received your application! An associate will contact you shortly.</p>\n\n<p data-pm-slice=\"1 1 [&quot;orderedList&quot;,{&quot;order&quot;:1},&quot;listItem&quot;,null,&quot;orderedList&quot;,null,&quot;listItem&quot;,null]\" data-prosemirror-content-type=\"node\" data-prosemirror-node-block=\"true\" data-prosemirror-node-name=\"paragraph\">In the meantime, explore Clarity's products and resources.</p>\n"}}}}],"fragmentStyle":{"fontSize":"1.125rem","paddingBottom":"2","paddingLeft":"2","paddingRight":"2","paddingTop":"5"},"indexed":true,"name":"Confirmation Paragraph"},"id":"57f2e6f4-5d55-25c2-b729-fdbd2c19c02e","type":"Fragment"},{"definition":{"fragmentStyle":{"paddingLeft":"2"},"indexed":true,"layout":{"widthType":"Fixed"},"name":"Button Container"},"id":"a27a977e-e2e8-b94a-2fc4-858a723fff5f","pageElements":[{"definition":{"fragmentStyle":{"paddingBottom":"4","paddingTop":"4"},"gutters":false,"indexed":true,"modulesPerRow":2,"name":"Button Grid","numberOfColumns":2,"reverseOrder":false,"rowViewports":[{"id":"landscapeMobile","rowViewportDefinition":{"modulesPerRow":1}},{"id":"portraitMobile","rowViewportDefinition":{}},{"id":"tablet","rowViewportDefinition":{}}],"verticalAlignment":"top"},"id":"79765608-43f8-2dd7-720f-f2f0c43c6add","pageElements":[{"definition":{"columnViewports":[{"columnViewportDefinition":{"size":12},"id":"landscapeMobile"},{"columnViewportDefinition":{},"id":"portraitMobile"},{"columnViewportDefinition":{},"id":"tablet"}],"size":5},"id":"97e38dc3-a721-6be7-5197-8b62bb5d7e0a","pageElements":[{"definition":{"fragment":{"key":"BASIC_COMPONENT-button"},"fragmentConfig":{"buttonType":"primary","type":"link","buttonSize":"nm"},"fragmentFields":[{"id":"link","value":{"fragmentLink":{"value":{"href":{"mapping":{"itemReference":{"className":"com.liferay.portal.kernel.model.Layout","fields":[{"fieldName":"friendlyURL","fieldValue":"/products"},{"fieldName":"privatePage","fieldValue":"false"},{"fieldName":"siteKey","fieldValue":"Clarity Public Enterprise Website"}]}}}}},"text":{"value_i18n":{"en_US":"View Products"}}}}],"indexed":true,"name":"View Products Button"},"id":"46f364fc-1b6c-7fae-c5c6-9aaa363b3a10","type":"Fragment"}],"type":"Column"},{"definition":{"columnViewports":[{"columnViewportDefinition":{"size":12},"id":"landscapeMobile"},{"columnViewportDefinition":{},"id":"portraitMobile"},{"columnViewportDefinition":{},"id":"tablet"}],"size":7},"id":"76bf9592-cdfb-5742-a4fd-2ca993b6461c","pageElements":[{"definition":{"fragment":{"key":"BASIC_COMPONENT-button"},"fragmentConfig":{"buttonType":"primary","type":"link","buttonSize":"nm"},"fragmentFields":[{"id":"link","value":{"fragmentLink":{"value":{"href":{"mapping":{"itemReference":{"className":"com.liferay.portal.kernel.model.Layout","fields":[{"fieldName":"friendlyURL","fieldValue":"/blog"},{"fieldName":"privatePage","fieldValue":"false"},{"fieldName":"siteKey","fieldValue":"Clarity Public Enterprise Website"}]}}}}},"text":{"value_i18n":{"en_US":"View Blogs"}}}}],"indexed":true,"name":"View Blogs Button"},"id":"0b6506c0-ab49-d9a3-2e00-d333b06d3da3","type":"Fragment"}],"type":"Column"}],"type":"Row"}],"type":"Section"}],"type":"Section"}],"type":"Column"}],"type":"Row"}