{"definition":{"fragmentStyle":{"maxWidth":"2000px","overflow":"hidden"},"gutters":true,"indexed":true,"modulesPerRow":3,"numberOfColumns":3,"reverseOrder":false,"rowViewports":[{"id":"landscapeMobile","rowViewportDefinition":{"modulesPerRow":1}},{"id":"portraitMobile","rowViewportDefinition":{}},{"id":"tablet","rowViewportDefinition":{}}],"verticalAlignment":"middle"},"id":"f771af34-ba10-1927-fadb-c0cd05813c6f","pageElements":[{"definition":{"columnViewports":[{"columnViewportDefinition":{"size":12},"id":"landscapeMobile"},{"columnViewportDefinition":{},"id":"portraitMobile"},{"columnViewportDefinition":{},"id":"tablet"}],"size":5},"id":"555be754-141e-9d69-b369-bc73a9305ba1","pageElements":[{"definition":{"fragment":{"key":"BASIC_COMPONENT-image"},"fragmentConfig":{"imageSize":"w-100"},"fragmentFields":[{"id":"image-square","value":{"fragmentImage":{"url":{"value_i18n":{"en_US":"/documents/d/asset-library-32687/success-page-transparent?imagePreview=1"}}},"fragmentLink":{}}}],"fragmentStyle":{"height":"1000px","maxHeight":"2000px","overflow":"hidden"},"indexed":true},"id":"c5812ca0-dd23-8fa1-02c2-77f9026ae827","type":"Fragment"}],"type":"Column"},{"definition":{"columnViewports":[{"columnViewportDefinition":{"size":12},"id":"landscapeMobile"},{"columnViewportDefinition":{},"id":"portraitMobile"},{"columnViewportDefinition":{},"id":"tablet"}],"size":5},"id":"095f1f9c-54a6-9a83-ee89-beb93804890b","pageElements":[{"definition":{"fragment":{"key":"BASIC_COMPONENT-heading"},"fragmentConfig":{"headingLevel":"h2"},"fragmentFields":[{"id":"element-text","value":{"fragmentLink":{},"text":{"value_i18n":{"en_US":"Thank you for applying!"}}}}],"fragmentStyle":{"paddingBottom":"6"},"indexed":true},"id":"18d9f3f0-7c6e-c8df-c9bb-d31b64f03090","type":"Fragment"},{"definition":{"fragment":{"key":"BASIC_COMPONENT-paragraph"},"fragmentConfig":{},"fragmentFields":[{"id":"element-text","value":{"fragmentLink":{},"text":{"value_i18n":{"en_US":"<p data-pm-slice=\"1 1 [&quot;orderedList&quot;,{&quot;order&quot;:1},&quot;listItem&quot;,null,&quot;orderedList&quot;,null,&quot;listItem&quot;,null]\" data-prosemirror-content-type=\"node\" data-prosemirror-node-block=\"true\" data-prosemirror-node-name=\"paragraph\">We have received your application! An associate will contact you shortly. You can review and update your application at any time by clicking the links below.</p>\n"}}}}],"fragmentStyle":{"fontSize":"1.125rem","paddingBottom":"2","paddingRight":"4","paddingTop":"2"},"indexed":true},"id":"b180b4bb-a6b9-ac24-2e66-1c36c6541b78","type":"Fragment"},{"definition":{"fragmentStyle":{"maxWidth":"900px","paddingBottom":"4","paddingTop":"4"},"gutters":true,"indexed":true,"modulesPerRow":3,"numberOfColumns":3,"reverseOrder":false,"rowViewports":[{"id":"landscapeMobile","rowViewportDefinition":{"modulesPerRow":1}},{"id":"portraitMobile","rowViewportDefinition":{}},{"id":"tablet","rowViewportDefinition":{}}],"verticalAlignment":"top"},"id":"2ac9c8be-1142-b14b-1155-b461a6cc56e0","pageElements":[{"definition":{"columnViewports":[{"columnViewportDefinition":{"size":12},"id":"landscapeMobile"},{"columnViewportDefinition":{},"id":"portraitMobile"},{"columnViewportDefinition":{},"id":"tablet"}],"size":4},"id":"dc01d534-9218-c0d1-47f4-908bf34c0e3b","pageElements":[{"definition":{"fragment":{"key":"BASIC_COMPONENT-button"},"fragmentConfig":{"buttonType":"primary","type":"link","buttonSize":"nm"},"fragmentFields":[{"id":"link","value":{"fragmentLink":{},"text":{"value_i18n":{"en_US":"View My Applications"}}}}],"indexed":true},"id":"223e0bdc-ea07-b7c7-a27b-93df4350cd86","type":"Fragment"}],"type":"Column"},{"definition":{"columnViewports":[{"columnViewportDefinition":{"size":12},"id":"landscapeMobile"},{"columnViewportDefinition":{},"id":"portraitMobile"},{"columnViewportDefinition":{},"id":"tablet"}],"size":4},"id":"2c13dc50-a39b-098d-5c57-764806429b3b","pageElements":[{"definition":{"fragment":{"key":"BASIC_COMPONENT-button"},"fragmentConfig":{"buttonType":"outline-primary","type":"link","buttonSize":"nm"},"fragmentFields":[{"id":"link","value":{"fragmentLink":{},"text":{"value_i18n":{"en_US":"Go to Home Page"}}}}],"indexed":true},"id":"3f8a58fc-e40a-48d1-3bf8-4fc4ab3c5f2d","type":"Fragment"}],"type":"Column"},{"definition":{"columnViewports":[{"columnViewportDefinition":{"size":12},"id":"landscapeMobile"},{"columnViewportDefinition":{},"id":"portraitMobile"},{"columnViewportDefinition":{},"id":"tablet"}],"size":4},"id":"5d9a5e0c-6abd-3203-afe6-fadfb35a8c96","type":"Column"}],"type":"Row"},{"definition":{"fragment":{"key":"BASIC_COMPONENT-spacer"},"fragmentConfig":{"height":"py-5"},"fragmentFields":[],"fragmentStyle":{"marginBottom":"9","marginTop":"9"},"indexed":true},"id":"c22c0866-d35a-d07d-282f-4533ba17dc64","type":"Fragment"}],"type":"Column"},{"definition":{"columnViewports":[{"columnViewportDefinition":{"size":12},"id":"landscapeMobile"},{"columnViewportDefinition":{},"id":"portraitMobile"},{"columnViewportDefinition":{},"id":"tablet"}],"size":2},"id":"23121813-9584-ca0a-dee0-b1f9311db60a","type":"Column"}],"type":"Row"}