{"definition":{"fragmentStyle":{"marginBottom":"3","paddingBottom":"3","paddingLeft":"3","paddingRight":"3","paddingTop":"3"},"indexed":true,"layout":{"marginBottom":1,"paddingBottom":1,"paddingLeft":1,"paddingRight":1,"paddingTop":1,"widthType":"Fixed"},"name":"Distributor Applications Overview Container"},"id":"2f2be077-d890-27fb-a3d2-e4f90faf4e04","pageElements":[{"definition":{"fragment":{"key":"BASIC_COMPONENT-heading"},"fragmentConfig":{"textAlign":"left","marginBottom":"3","headingLevel":"h1"},"fragmentFields":[{"id":"element-text","value":{"fragmentLink":{},"text":{"value_i18n":{"en_US":"Distributor Applications"}}}}],"fragmentStyle":{"hidden":true},"indexed":true,"name":"Application Page Header"},"id":"9bdcb46e-ebab-f5fe-a1ce-7d686daa0a97","type":"Fragment"},{"definition":{"fragment":{"key":"com.liferay.fragment.renderer.collection.filter.internal.CollectionFilterFragmentRenderer"},"fragmentConfig":{"filterKey":"keywords","targetCollections":["77f07afe-05ad-d3d4-1c6c-14fb222ff9ba"],"showLabel":true},"fragmentFields":[],"indexed":true,"name":"Application Filter"},"id":"aa33fd31-752b-a2c5-76c6-2e21286ee8fc","type":"Fragment"},{"definition":{"fragmentStyle":{"marginBottom":"3"},"gutters":true,"indexed":true,"modulesPerRow":5,"name":"Application Header Grid","numberOfColumns":5,"reverseOrder":false,"rowViewports":[{"id":"landscapeMobile","rowViewportDefinition":{"modulesPerRow":1}},{"id":"portraitMobile","rowViewportDefinition":{}},{"id":"tablet","rowViewportDefinition":{}}],"verticalAlignment":"top"},"id":"3d1766f8-c6ff-1ffb-2ae9-7e7e4bd77017","pageElements":[{"definition":{"columnViewports":[{"columnViewportDefinition":{"size":12},"id":"landscapeMobile"},{"columnViewportDefinition":{},"id":"portraitMobile"},{"columnViewportDefinition":{},"id":"tablet"}],"size":1},"id":"7951fa37-2955-af1a-ceea-0adf534bc462","pageElements":[{"definition":{"fragment":{"key":"BASIC_COMPONENT-heading"},"fragmentConfig":{"headingLevel":"h5"},"fragmentFields":[{"id":"element-text","value":{"fragmentLink":{},"text":{"value_i18n":{"en_US":"ID"}}}}],"indexed":true,"name":"ID Heading"},"id":"9824924d-9f1b-8577-9f0b-7b1c9a06ee2d","type":"Fragment"}],"type":"Column"},{"definition":{"columnViewports":[{"columnViewportDefinition":{"size":12},"id":"landscapeMobile"},{"columnViewportDefinition":{},"id":"portraitMobile"},{"columnViewportDefinition":{},"id":"tablet"}],"size":3},"id":"69bb654b-9a7e-8b8e-8b27-68d9f0c86804","pageElements":[{"definition":{"fragment":{"key":"BASIC_COMPONENT-heading"},"fragmentConfig":{"headingLevel":"h5"},"fragmentFields":[{"id":"element-text","value":{"fragmentLink":{},"text":{"value_i18n":{"en_US":"Business Name"}}}}],"indexed":true,"name":"Business Name Heading"},"id":"0d669175-413b-e071-9167-5f5258c96da5","type":"Fragment"}],"type":"Column"},{"definition":{"columnViewports":[{"columnViewportDefinition":{"size":12},"id":"landscapeMobile"},{"columnViewportDefinition":{},"id":"portraitMobile"},{"columnViewportDefinition":{},"id":"tablet"}],"size":3},"id":"f7155f9e-c790-5e98-0bc8-fe192f7ceef3","pageElements":[{"definition":{"fragment":{"key":"BASIC_COMPONENT-heading"},"fragmentConfig":{"headingLevel":"h5"},"fragmentFields":[{"id":"element-text","value":{"fragmentLink":{},"text":{"value_i18n":{"en_US":"Business Website"}}}}],"indexed":true,"name":"Business Website Heading"},"id":"d65a2c81-1c7b-f5b1-193d-e29ac24b1084","type":"Fragment"}],"type":"Column"},{"definition":{"columnViewports":[{"columnViewportDefinition":{"size":12},"id":"landscapeMobile"},{"columnViewportDefinition":{},"id":"portraitMobile"},{"columnViewportDefinition":{},"id":"tablet"}],"size":2},"id":"63594934-b1f9-2156-55a5-c17ced4660c9","pageElements":[{"definition":{"fragment":{"key":"BASIC_COMPONENT-heading"},"fragmentConfig":{"headingLevel":"h5"},"fragmentFields":[{"id":"element-text","value":{"fragmentLink":{},"text":{"value_i18n":{"en_US":"Applicant Name"}}}}],"indexed":true,"name":"Applicant Name Heading"},"id":"c9922288-ea4a-60e2-d2e6-b2fa03e8a721","type":"Fragment"}],"type":"Column"},{"definition":{"columnViewports":[{"columnViewportDefinition":{"size":12},"id":"landscapeMobile"},{"columnViewportDefinition":{},"id":"portraitMobile"},{"columnViewportDefinition":{},"id":"tablet"}],"size":3},"id":"e13f5b9c-bf44-0300-2959-23d1a63e23f1","pageElements":[{"definition":{"fragment":{"key":"BASIC_COMPONENT-heading"},"fragmentConfig":{"headingLevel":"h5"},"fragmentFields":[{"id":"element-text","value":{"fragmentLink":{},"text":{"value_i18n":{"en_US":"Application State"}}}}],"indexed":true,"name":"Application State Heading"},"id":"f78b60d2-ae7e-6616-4b74-e6a45793255d","type":"Fragment"}],"type":"Column"}],"type":"Row"},{"definition":{"collectionConfig":{"collectionReference":{"className":"com.liferay.object.web.internal.info.collection.provider.ObjectEntrySingleFormVariationInfoCollectionProvider_16796623585306_C_DistributorApplication"},"collectionType":"CollectionProvider"},"collectionViewports":[{"collectionViewportDefinition":{},"id":"landscapeMobile"},{"collectionViewportDefinition":{},"id":"portraitMobile"},{"collectionViewportDefinition":{},"id":"tablet"}],"displayAllItems":false,"displayAllPages":true,"listStyle":"flex-column","name":"Application Collection Display","numberOfColumns":1,"numberOfItems":5,"numberOfItemsPerPage":20,"numberOfPages":5,"paginationType":"None","showAllItems":false},"id":"38545adb-3609-05e9-9ee1-895f0070be91","pageElements":[{"definition":{"collectionItemConfig":{}},"id":"97f23e4b-70e2-e2fc-837d-bb6912be4551","pageElements":[{"definition":{"fragmentLink":{"href":{"mapping":{"fieldKey":"LayoutPageTemplateEntry_56249","itemReference":{"contextSource":"CollectionItem"}}}},"fragmentStyle":{"paddingBottom":"2","paddingTop":"2"},"indexed":true,"layout":{},"name":"Application Container"},"id":"90f70b87-635b-c8a0-41b0-7e782eea33b3","pageElements":[{"definition":{"gutters":true,"indexed":true,"modulesPerRow":5,"name":"Application Row Grid","numberOfColumns":5,"reverseOrder":false,"rowViewports":[{"id":"landscapeMobile","rowViewportDefinition":{"modulesPerRow":1}},{"id":"portraitMobile","rowViewportDefinition":{}},{"id":"tablet","rowViewportDefinition":{}}],"verticalAlignment":"top"},"id":"e954007f-b6b1-3f4a-d6aa-a23bc9e01a11","pageElements":[{"definition":{"columnViewports":[{"columnViewportDefinition":{"size":12},"id":"landscapeMobile"},{"columnViewportDefinition":{},"id":"portraitMobile"},{"columnViewportDefinition":{},"id":"tablet"}],"size":1},"id":"ba443a7b-0236-94c4-66f5-408cc05d32fd","pageElements":[{"definition":{"fragment":{"key":"BASIC_COMPONENT-paragraph"},"fragmentConfig":{},"fragmentFields":[{"id":"element-text","value":{"fragmentLink":{},"text":{"mapping":{"fieldKey":"ObjectEntry_objectEntryId","itemReference":{"contextSource":"CollectionItem"}}}}}],"indexed":true,"name":"ID"},"id":"2ef075a3-494d-a254-ebdb-d75499d6f8d8","type":"Fragment"}],"type":"Column"},{"definition":{"columnViewports":[{"columnViewportDefinition":{"size":12},"id":"landscapeMobile"},{"columnViewportDefinition":{},"id":"portraitMobile"},{"columnViewportDefinition":{},"id":"tablet"}],"size":3},"id":"795fa0db-3b47-8312-8999-f1a755410035","pageElements":[{"definition":{"fragment":{"key":"BASIC_COMPONENT-paragraph"},"fragmentConfig":{},"fragmentFields":[{"id":"element-text","value":{"fragmentLink":{},"text":{"mapping":{"fieldKey":"ObjectField_businessName","itemReference":{"contextSource":"CollectionItem"}}}}}],"indexed":true,"name":"Business Name"},"id":"6edd40a3-562c-5533-f933-dd79cc78c65c","type":"Fragment"}],"type":"Column"},{"definition":{"columnViewports":[{"columnViewportDefinition":{"size":12},"id":"landscapeMobile"},{"columnViewportDefinition":{},"id":"portraitMobile"},{"columnViewportDefinition":{},"id":"tablet"}],"size":3},"id":"05450e1c-d8ed-8323-33f8-0b60bf8bbd01","pageElements":[{"definition":{"fragment":{"key":"BASIC_COMPONENT-paragraph"},"fragmentConfig":{},"fragmentFields":[{"id":"element-text","value":{"fragmentLink":{},"text":{"mapping":{"fieldKey":"ObjectField_businessWebsiteURL","itemReference":{"contextSource":"CollectionItem"}}}}}],"indexed":true,"name":"Business Website"},"id":"bf2314cc-7fb7-1b26-8ce4-213b786274b5","type":"Fragment"}],"type":"Column"},{"definition":{"columnViewports":[{"columnViewportDefinition":{"size":12},"id":"landscapeMobile"},{"columnViewportDefinition":{},"id":"portraitMobile"},{"columnViewportDefinition":{},"id":"tablet"}],"size":2},"id":"0bb7d0a6-4bdb-e86d-1e1b-da4ed86cf746","pageElements":[{"definition":{"fragment":{"key":"BASIC_COMPONENT-paragraph"},"fragmentConfig":{},"fragmentFields":[{"id":"element-text","value":{"fragmentLink":{},"text":{"mapping":{"fieldKey":"ObjectField_applicantName","itemReference":{"contextSource":"CollectionItem"}}}}}],"indexed":true,"name":"Applicant Name"},"id":"81f018af-468d-b1c0-8107-dda3f6e05971","type":"Fragment"}],"type":"Column"},{"definition":{"columnViewports":[{"columnViewportDefinition":{"size":12},"id":"landscapeMobile"},{"columnViewportDefinition":{},"id":"portraitMobile"},{"columnViewportDefinition":{},"id":"tablet"}],"size":3},"id":"cdfa8d44-9054-bc75-bd56-7d5630f9a4e3","pageElements":[{"definition":{"fragment":{"key":"BASIC_COMPONENT-paragraph"},"fragmentConfig":{},"fragmentFields":[{"id":"element-text","value":{"fragmentLink":{},"text":{"mapping":{"fieldKey":"ObjectField_applicationState","itemReference":{"contextSource":"CollectionItem"}}}}}],"indexed":true,"name":"Application State"},"id":"18ed7d29-c38d-eee7-e45c-f2e163087eb5","type":"Fragment"}],"type":"Column"}],"type":"Row"}],"type":"Section"}],"type":"CollectionItem"}],"type":"Collection"}],"type":"Section"}